id,testGroup,storeLocType,storeAge,pop5mi,comp5mi,wkAvg76Pre,wkAvg76Post,wkAvg67Pre,wkAvg67Post,wkAvg78Pre,wkAvg78Post,wkAvg89Pre,wkAvg89Post
232,Control,Suburban - Strip Mall,27,24000,1,6613.992857142859,6850.358974358975,533.2857142857143,591.8974358974359,314.7142857142857,349.28205128205127,256.5,284.6666666666667
276,Control,Urban - Standalone,13,406000,73,9229.757142857143,9513.589743589744,704.1428571428571,777.5128205128206,393.85714285714283,434.8974358974359,316.14285714285717,349.05128205128204
365,8B,Rural - Strip Mall,16,257000,16,12208.814285714285,12552.102564102564,1023.6428571428571,1146.3846153846155,642.5714285714286,719.6153846153846,575.0714285714286,644.0512820512821
410,8A,Suburban - Standalone,13,103000,4,15628.67857142857,15762.153846153846,1283.7142857142858,1419.5128205128206,792.0,876.025641025641,725.7142857142857,802.4615384615385
250,Control,Urban - Strip Mall,5,206000,18,11856.221428571429,12400.820512820514,892.0,1000.3333333333334,493.2142857142857,553.0512820512821,404.42857142857144,453.38461538461536
356,Control,Metropolitan - Standalone,18,137000,54,7573.385714285714,7792.871794871795,548.8571428571429,604.7435897435897,293.42857142857144,323.43589743589746,220.14285714285714,242.56410256410257
73,Control,Metropolitan - Standalone,27,49000,103,11912.007142857145,11921.23076923077,982.4285714285714,1053.076923076923,593.3571428571429,636.0,589.8571428571429,632.3333333333334
353,7A,Suburban - Standalone,1,33000,5,12001.414285714287,11860.615384615385,874.1428571428571,960.7948717948718,485.2142857142857,533.1794871794872,378.35714285714283,415.7435897435897
366,8A,Suburban - Strip Mall,16,404000,9,14244.671428571424,14988.205128205129,1121.857142857143,1294.5128205128206,661.6428571428571,763.5641025641025,636.1428571428571,733.8461538461538
19,8A,Rural - Strip Mall,22,35000,20,10544.192857142858,10347.435897435897,858.8571428571429,925.3333333333334,525.7857142857143,566.5384615384615,452.92857142857144,488.0769230769231
126,Control,Rural - Standalone,23,55000,2,7382.914285714285,7325.48717948718,634.2142857142857,673.9230769230769,401.57142857142856,426.6923076923077,354.5,376.56410256410254
288,Control,Suburban - Strip Mall,31,49000,58,4274.478571428572,4460.74358974359,310.7857142857143,347.94871794871796,166.92857142857142,186.87179487179486,114.0,127.56410256410257
239,Control,Suburban - Standalone,15,85000,30,12323.707142857142,12532.794871794871,967.4285714285714,1053.8461538461538,555.7142857142857,605.3846153846154,452.92857142857144,493.3076923076923
422,Control,Suburban - Standalone,14,6000,51,3034.6928571428575,3071.641025641026,217.5,235.84615384615384,115.28571428571429,124.97435897435898,79.35714285714286,86.05128205128206
96,Control,Rural - Standalone,17,123000,16,13969.871428571429,13892.948717948719,1191.357142857143,1269.3333333333333,748.0714285714286,797.0512820512821,686.2142857142857,730.8974358974359
109,Control,Suburban - Strip Mall,19,412000,8,11238.714285714288,11253.461538461539,941.8571428571429,1011.3846153846154,579.9285714285714,622.5641025641025,555.2857142857143,596.3333333333334
264,Control,Suburban - Standalone,35,90000,28,8071.635714285714,8416.128205128205,686.5,766.8974358974359,429.7142857142857,480.0,389.2857142857143,434.7692307692308
292,Control,Suburban - Strip Mall,24,45000,5,10290.407142857144,10646.435897435897,765.0714285714286,848.1282051282051,418.5,463.84615384615387,296.07142857142856,328.0769230769231
90,Control,Rural - Standalone,21,116000,9,11509.535714285714,12479.128205128205,965.5714285714286,1121.820512820513,594.6428571428571,690.8205128205128,519.5714285714286,603.7179487179487
425,8B,Suburban - Strip Mall,34,437000,11,13396.699999999999,13607.076923076924,1143.357142857143,1265.6153846153845,734.7857142857143,813.4615384615385,750.0,830.1282051282051
432,Control,Urban - Standalone,25,145000,7,14334.92857142857,14424.02564102564,1015.5,1095.4615384615386,533.2142857142857,575.2820512820513,413.42857142857144,445.8974358974359
48,Control,Suburban - Standalone,40,3000,12,8646.942857142858,8635.923076923076,752.9285714285714,805.0512820512821,485.64285714285717,519.2820512820513,452.2142857142857,483.5897435897436
283,Control,Rural - Standalone,15,5000,6,13624.157142857142,13486.794871794871,1096.9285714285713,1164.923076923077,647.1428571428571,687.0769230769231,520.8571428571429,553.025641025641
202,Control,Urban - Standalone,7,172000,4,10074.778571428573,10524.846153846154,832.7857142857143,931.3589743589744,504.07142857142856,563.6666666666666,421.35714285714283,471.2307692307692
234,Control,Suburban - Standalone,15,198000,7,8367.064285714285,8862.71794871795,659.0,747.8205128205128,379.92857142857144,430.97435897435895,329.64285714285717,373.8974358974359
67,Control,Suburban - Strip Mall,32,115000,58,6236.300000000001,6221.179487179487,491.85714285714283,526.0769230769231,284.0,303.8974358974359,212.07142857142858,226.89743589743588
243,Control,Urban - Standalone,15,343000,26,13612.485714285716,14369.538461538461,1163.9285714285713,1317.0,733.7142857142857,830.2564102564103,657.9285714285714,744.4102564102565
354,Control,Suburban - Standalone,31,105000,28,14224.971428571429,14109.051282051281,1155.0,1227.6410256410256,686.4285714285714,729.7435897435897,620.7857142857143,659.7179487179487
438,Control,Urban - Standalone,26,236000,11,9621.728571428572,9750.74358974359,850.1428571428571,922.7948717948718,560.6428571428571,608.5384615384615,605.2857142857143,656.974358974359
61,Control,Urban - Strip Mall,7,214000,5,9356.22857142857,9772.128205128205,771.8571428571429,864.4615384615385,466.85714285714283,522.8461538461538,433.2857142857143,485.2564102564103
74,Control,Suburban - Standalone,15,113000,18,11733.300000000001,12305.564102564103,856.2142857142857,961.0769230769231,460.2142857142857,516.6666666666666,307.5,345.12820512820514
388,Control,Suburban - Strip Mall,2,277000,6,9017.457142857143,9274.205128205129,770.4285714285714,850.0769230769231,485.7857142857143,535.8461538461538,515.5714285714286,568.6923076923077
165,Control,Suburban - Standalone,34,350000,59,11108.52142857143,11794.97435897436,932.7142857142857,1061.5897435897436,575.1428571428571,654.5897435897435,546.0,621.5641025641025
212,Control,Urban - Strip Mall,8,64000,2,9204.207142857143,9275.076923076924,743.9285714285714,802.6410256410256,439.64285714285717,474.3333333333333,359.14285714285717,387.53846153846155
281,7A,Suburban - Strip Mall,15,17000,3,12565.535714285712,13005.25641025641,1017.3571428571429,1170.6410256410256,627.2857142857143,722.025641025641,534.2142857142857,614.7179487179487
359,Control,Urban - Strip Mall,21,230000,12,14843.3,15017.51282051282,1217.642857142857,1319.7692307692307,731.4285714285714,792.6923076923077,635.4285714285714,688.7179487179487
399,8A,Urban - Standalone,19,53000,26,6258.271428571429,6262.0,528.5714285714286,580.6410256410256,338.14285714285717,371.53846153846155,289.2857142857143,317.84615384615387
25,Control,Suburban - Standalone,3,4000,18,9570.464285714286,10074.051282051281,820.1428571428571,925.4871794871794,518.5714285714286,585.1794871794872,529.6428571428571,597.7435897435897
244,Control,Suburban - Standalone,40,420000,10,15160.207142857142,16143.538461538461,1163.857142857143,1326.4358974358975,654.3571428571429,745.7179487179487,550.2857142857143,627.1025641025641
479,Control,Urban - Strip Mall,29,24000,3,8830.957142857143,9206.74358974359,657.1428571428571,733.4358974358975,359.5,401.15384615384613,283.7857142857143,316.94871794871796
21,7A,Urban - Strip Mall,24,12000,96,9093.114285714286,9355.28205128205,606.2142857142857,693.4358974358975,312.2142857142857,357.05128205128204,240.64285714285714,275.1025641025641
372,Control,Suburban - Standalone,40,419000,81,7270.535714285715,7863.794871794872,661.3571428571429,766.3076923076923,464.64285714285717,538.2564102564103,521.6428571428571,604.4358974358975
404,7B,Suburban - Strip Mall,32,70000,14,14630.657142857144,14195.333333333334,1149.2857142857142,1226.0,677.7142857142857,723.025641025641,620.0,661.4358974358975
468,7A,Urban - Standalone,18,33000,4,12957.135714285716,12413.564102564103,1104.142857142857,1175.6410256410256,729.2857142857143,776.3333333333334,827.4285714285714,880.974358974359
46,Control,Suburban - Strip Mall,7,71000,26,5407.8,5521.615384615385,454.64285714285717,497.46153846153845,280.57142857142856,307.0,227.78571428571428,249.2051282051282
458,Control,Urban - Strip Mall,7,5000,14,7839.471428571428,7624.282051282052,636.5714285714286,662.974358974359,377.92857142857144,393.6923076923077,278.57142857142856,290.05128205128204
40,Control,Urban - Standalone,11,25000,14,5870.4000000000015,5910.51282051282,495.92857142857144,534.6410256410256,307.64285714285717,331.64102564102564,268.35714285714283,289.1025641025641
341,Control,Suburban - Standalone,21,190000,4,6452.814285714287,6252.871794871795,558.0714285714286,579.6153846153846,357.0,370.71794871794873,374.07142857142856,388.4102564102564
225,Control,Suburban - Standalone,12,130000,15,12252.30714285714,12498.48717948718,996.0714285714286,1089.6153846153845,593.2142857142857,648.8717948717949,491.2142857142857,537.2564102564103
179,Control,Metropolitan - Standalone,36,397000,9,14214.321428571426,14278.97435897436,1156.5,1244.7692307692307,688.5714285714286,741.1538461538462,585.0,629.4615384615385
75,8B,Suburban - Standalone,25,87000,4,5523.985714285715,5578.4358974358975,459.7857142857143,505.56410256410254,286.0,314.38461538461536,283.57142857142856,311.64102564102564
286,8B,Urban - Strip Mall,30,60000,2,14454.264285714284,14525.948717948719,1240.2857142857142,1357.3333333333333,802.3571428571429,878.1538461538462,755.5,826.8717948717949
308,8B,Urban - Standalone,32,32000,6,12696.364285714286,12203.538461538461,989.7857142857143,1035.820512820513,573.7142857142857,600.4615384615385,441.35714285714283,461.94871794871796
355,Control,Suburban - Standalone,23,50000,11,9112.664285714285,9313.615384615385,688.2142857142857,754.5128205128206,382.07142857142856,418.6666666666667,304.7857142857143,334.20512820512823
248,7B,Suburban - Strip Mall,3,268000,70,7381.564285714286,7403.538461538462,646.2142857142857,712.6923076923077,439.92857142857144,485.1794871794872,514.4285714285714,567.4358974358975
383,Control,Urban - Standalone,8,12000,33,5300.114285714286,5308.51282051282,398.07142857142856,427.71794871794873,219.85714285714286,236.23076923076923,161.21428571428572,173.15384615384616
124,Control,Suburban - Strip Mall,35,20000,67,14391.57142857143,14292.205128205129,1132.2857142857142,1204.7179487179487,652.0,693.6153846153846,510.64285714285717,543.2051282051282
149,Control,Urban - Standalone,6,106000,15,7843.328571428571,8257.589743589744,659.7142857142857,744.1538461538462,407.5,459.6666666666667,388.42857142857144,438.2307692307692
275,Control,Suburban - Standalone,3,401000,32,14890.342857142858,15872.897435897436,1214.2857142857142,1386.7435897435898,724.7142857142857,827.7179487179487,623.6428571428571,712.2051282051282
478,7A,Suburban - Standalone,35,78000,3,13898.67142857143,14416.846153846154,1072.357142857143,1237.128205128205,628.4285714285714,724.9487179487179,506.7142857142857,584.6153846153846
58,Control,Rural - Strip Mall,25,30000,1,10547.078571428572,10694.51282051282,857.3571428571429,931.4358974358975,510.0,554.1282051282051,419.85714285714283,456.0769230769231
272,Control,Suburban - Strip Mall,9,121000,61,4170.021428571429,4471.589743589743,337.7142857142857,388.0,200.14285714285714,229.87179487179486,177.5,203.74358974358975
387,Control,Suburban - Standalone,13,325000,55,13352.571428571431,14191.307692307691,1136.142857142857,1294.5641025641025,711.9285714285714,811.4102564102565,699.7142857142857,797.2820512820513
434,Control,Suburban - Standalone,36,464000,12,17998.35,19218.5641025641,1476.357142857143,1688.4358974358975,886.3571428571429,1013.7692307692307,727.0714285714286,831.3589743589744
436,8A,Suburban - Strip Mall,27,262000,6,9217.6,9296.435897435897,753.7857142857143,834.0512820512821,463.14285714285717,512.5128205128206,413.7857142857143,458.02564102564105
408,Control,Rural - Strip Mall,12,94000,14,15663.85,16227.153846153846,1181.357142857143,1311.7435897435898,654.5714285714286,726.6410256410256,467.7857142857143,519.3589743589744
37,Control,Suburban - Strip Mall,27,6000,0,10415.164285714287,10995.97435897436,825.1428571428571,932.6666666666666,478.07142857142856,540.2307692307693,447.2857142857143,505.5897435897436
150,Control,Metropolitan - Strip Mall,24,24000,5,13466.185714285713,13922.820512820514,934.2857142857143,1035.0,482.2142857142857,534.0512820512821,328.35714285714283,363.71794871794873
319,Control,Suburban - Standalone,27,9000,2,14012.550000000001,13423.897435897436,1138.4285714285713,1168.6410256410256,676.9285714285714,694.9230769230769,528.5714285714286,542.7435897435897
123,Control,Suburban - Strip Mall,2,173000,7,8967.957142857143,8756.28205128205,751.5,785.8461538461538,462.07142857142856,483.15384615384613,396.92857142857144,415.0769230769231
151,Control,Metropolitan - Strip Mall,39,221000,90,13157.514285714287,13333.205128205129,969.5714285714286,1053.7948717948718,526.5714285714286,572.3333333333334,412.64285714285717,448.3076923076923
397,Control,Urban - Standalone,34,5000,1,6253.342857142857,6184.025641025641,523.7857142857143,554.7948717948718,321.85714285714283,340.87179487179486,265.92857142857144,281.7435897435897
476,Control,Metropolitan - Standalone,22,43000,7,14089.242857142855,15350.641025641025,1130.7857142857142,1320.820512820513,664.3571428571429,776.0769230769231,568.0,663.5641025641025
302,7B,Urban - Strip Mall,22,270000,55,6243.585714285713,6149.974358974359,515.2142857142857,557.3589743589744,320.35714285714283,346.5128205128205,275.5,297.97435897435895
454,7B,Suburban - Standalone,40,18000,16,10370.885714285714,10304.76923076923,798.2142857142857,871.6153846153846,461.0,503.4871794871795,396.2857142857143,432.5897435897436
106,Control,Rural - Standalone,25,298000,18,9986.785714285714,10038.102564102564,832.6428571428571,896.6153846153846,508.92857142857144,548.2307692307693,433.64285714285717,466.8974358974359
263,Control,Suburban - Standalone,36,260000,8,9010.778571428573,9403.846153846154,756.7857142857143,845.5641025641025,466.2142857142857,521.0,480.42857142857144,536.7692307692307
361,Control,Suburban - Standalone,5,138000,25,11038.5,11544.897435897436,867.3571428571429,971.5128205128206,498.5,558.4358974358975,390.57142857142856,437.6666666666667
10,Control,Suburban - Strip Mall,37,30000,59,12087.321428571426,12321.205128205129,984.7142857142857,1075.0,587.0,640.6410256410256,506.7857142857143,553.2051282051282
57,7B,Suburban - Standalone,3,41000,47,12494.75,12991.74358974359,926.9285714285714,1060.0,517.8571428571429,592.1282051282051,412.64285714285717,471.94871794871796
125,Control,Urban - Standalone,11,6000,79,15043.785714285714,15630.589743589744,1166.2142857142858,1298.025641025641,662.0,736.8461538461538,608.7142857142857,677.7435897435897
297,Control,Suburban - Standalone,25,46000,3,12252.714285714284,12852.564102564103,901.6428571428571,1013.3333333333334,488.5,549.1025641025641,350.85714285714283,394.43589743589746
265,Control,Suburban - Strip Mall,3,486000,71,11103.278571428573,10695.76923076923,976.2142857142857,1008.1794871794872,639.9285714285714,660.7948717948718,642.6428571428571,663.6153846153846
379,Control,Suburban - Strip Mall,39,20000,1,14025.999999999998,14678.846153846154,1214.4285714285713,1360.6153846153845,776.9285714285714,870.4871794871794,814.5714285714286,912.6410256410256
386,Control,Suburban - Standalone,15,395000,48,13359.592857142856,14335.410256410256,1139.2142857142858,1310.3589743589744,715.7142857142857,823.2051282051282,651.7857142857143,749.7179487179487
14,Control,Rural - Standalone,15,55000,63,6677.764285714286,7032.923076923077,553.3571428571429,624.6153846153846,336.2142857142857,379.4871794871795,268.2142857142857,302.8205128205128
115,Control,Metropolitan - Strip Mall,25,384000,9,9112.45,9279.358974358975,763.1428571428571,832.2307692307693,468.85714285714283,511.02564102564105,399.7857142857143,435.8974358974359
162,Control,Suburban - Standalone,41,5000,3,5109.378571428571,5044.282051282052,405.92857142857144,429.02564102564105,235.71428571428572,249.28205128205127,178.14285714285714,188.3846153846154
230,Control,Urban - Strip Mall,13,6000,1,12689.800000000001,13045.948717948719,1055.2857142857142,1163.2051282051282,643.7857142857143,709.6923076923077,542.5714285714286,598.1538461538462
221,8A,Urban - Strip Mall,26,6000,56,15863.957142857142,16399.48717948718,1327.857142857143,1504.3076923076924,838.0,949.3333333333334,972.5714285714286,1102.025641025641
381,Control,Suburban - Standalone,18,167000,5,7394.185714285713,7207.205128205128,641.5714285714286,669.974358974359,412.0,430.1794871794872,436.42857142857144,455.6923076923077
450,7B,Metropolitan - Strip Mall,25,442000,11,8190.771428571429,8179.076923076923,703.3571428571429,772.7692307692307,462.57142857142856,508.28205128205127,472.14285714285717,518.7948717948718
347,Control,Suburban - Standalone,25,159000,4,9484.714285714286,9849.333333333334,756.1428571428571,841.8461538461538,441.2857142857143,491.38461538461536,409.42857142857144,455.8205128205128
400,7A,Urban - Strip Mall,24,66000,33,13436.278571428571,12997.25641025641,1055.642857142857,1134.3846153846155,629.4285714285714,676.2564102564103,568.2857142857143,610.5384615384615
137,8A,Suburban - Standalone,28,122000,40,9207.435714285715,9462.25641025641,680.0,767.025641025641,377.64285714285717,425.94871794871796,283.07142857142856,319.12820512820514
211,Control,Suburban - Standalone,11,41000,18,15002.085714285711,14941.692307692309,1079.2142857142858,1151.6666666666667,573.7142857142857,612.2051282051282,382.57142857142856,408.20512820512823
294,Control,Urban - Standalone,13,25000,1,10506.5,11056.820512820514,854.9285714285714,964.025641025641,509.14285714285717,574.2564102564103,455.0,513.1025641025641
376,Control,Rural - Standalone,16,171000,12,11816.471428571429,11666.358974358975,1028.5714285714287,1088.5897435897436,664.2857142857143,702.8205128205128,603.0,638.025641025641
119,Control,Urban - Standalone,24,446000,65,10159.214285714286,10182.0,874.7142857142857,940.3589743589744,557.0,598.6923076923077,573.5714285714286,616.6666666666666
110,Control,Suburban - Strip Mall,10,6000,23,11201.985714285713,12261.641025641025,872.1428571428571,1022.5384615384615,497.07142857142856,582.8717948717949,353.92857142857144,415.0769230769231
65,Control,Rural - Standalone,21,46000,52,11473.185714285713,11204.307692307691,902.3571428571429,945.0512820512821,519.8571428571429,544.4358974358975,435.35714285714283,455.7692307692308
108,Control,Urban - Strip Mall,19,48000,4,7922.300000000001,8137.5641025641025,629.4285714285714,693.0,366.07142857142856,403.0,286.2857142857143,315.20512820512823
331,Control,Urban - Strip Mall,6,133000,7,13701.307142857142,14705.410256410256,1093.642857142857,1258.5128205128206,638.9285714285714,735.4102564102565,562.5,647.2051282051282
169,8B,Rural - Standalone,16,4000,6,9060.278571428571,9446.461538461539,797.5714285714286,905.025641025641,537.7142857142857,609.9230769230769,620.5,704.0
226,Control,Urban - Standalone,7,342000,8,10994.092857142858,11627.205128205129,995.0,1128.3846153846155,690.3571428571429,782.6666666666666,882.0,1000.2307692307693
100,Control,Suburban - Strip Mall,6,21000,7,7578.642857142857,7491.358974358975,641.3571428571429,679.9487179487179,399.57142857142856,423.56410256410254,335.35714285714283,355.46153846153845
187,Control,Suburban - Standalone,26,388000,33,10079.671428571428,10258.76923076923,878.9285714285714,959.5128205128206,569.4285714285714,621.6153846153846,613.9285714285714,670.1794871794872
335,Control,Urban - Standalone,20,342000,15,16356.078571428572,17841.589743589742,1311.0714285714287,1533.5641025641025,769.5,900.1025641025641,690.7142857142857,807.9487179487179
406,Control,Suburban - Strip Mall,8,34000,5,13354.892857142857,13229.846153846154,1074.7142857142858,1141.2564102564102,633.0,672.3076923076923,487.64285714285717,517.7179487179487
465,Control,Rural - Strip Mall,11,46000,2,12182.157142857142,12858.820512820514,1022.7857142857143,1156.4871794871794,630.2142857142857,712.5384615384615,646.1428571428571,730.5897435897435
111,Control,Urban - Strip Mall,11,105000,9,13283.885714285712,14572.25641025641,1129.2142857142858,1327.051282051282,706.0714285714286,829.9230769230769,719.8571428571429,846.1025641025641
435,Control,Suburban - Standalone,2,10000,58,9110.714285714286,9465.51282051282,742.8571428571429,826.7179487179487,443.14285714285717,493.3076923076923,328.57142857142856,365.6923076923077
59,8A,Suburban - Standalone,41,210000,8,6105.371428571428,6082.25641025641,485.14285714285717,529.9487179487179,288.7857142857143,315.35897435897436,264.14285714285717,288.3333333333333
177,Control,Suburban - Standalone,30,11000,54,11126.442857142856,10986.615384615385,936.5714285714286,991.025641025641,579.0714285714286,612.7435897435897,494.42857142857144,523.0769230769231
273,Control,Suburban - Standalone,20,21000,12,11888.635714285714,12292.0,1011.9285714285714,1121.7948717948718,634.4285714285714,703.3589743589744,598.0714285714286,662.9230769230769
101,7B,Rural - Standalone,11,55000,26,15226.000000000002,15466.076923076924,1162.7142857142858,1296.3589743589744,666.0714285714286,742.5384615384615,492.64285714285717,549.2564102564103
153,Control,Suburban - Strip Mall,12,5000,6,13158.307142857142,13943.128205128205,957.8571428571429,1086.871794871795,513.9285714285714,583.2820512820513,365.57142857142856,414.87179487179486
184,Control,Suburban - Strip Mall,3,206000,5,9931.878571428573,10071.384615384615,839.3571428571429,912.0,521.5,566.4871794871794,461.7142857142857,501.56410256410254
419,Control,Urban - Standalone,5,5000,0,5894.9857142857145,5830.589743589743,506.14285714285717,536.974358974359,321.14285714285717,340.5897435897436,373.7142857142857,396.1794871794872
23,Control,Rural - Strip Mall,14,55000,1,10922.442857142856,11184.23076923077,830.3571428571429,911.1282051282051,463.07142857142856,508.28205128205127,384.92857142857144,422.53846153846155
98,8B,Suburban - Standalone,30,257000,42,7758.150000000001,8743.28205128205,673.6428571428571,826.5641025641025,443.35714285714283,544.3333333333334,427.2857142857143,523.974358974359
253,Control,Suburban - Strip Mall,19,38000,2,5528.342857142858,5376.846153846154,461.2142857142857,480.53846153846155,282.14285714285717,293.97435897435895,257.7142857142857,268.5128205128205
311,Control,Suburban - Strip Mall,29,26000,10,6111.02142857143,6320.615384615385,448.7857142857143,497.15384615384613,242.64285714285714,268.8205128205128,176.57142857142858,195.6153846153846
291,Control,Suburban - Strip Mall,14,112000,21,8236.95,8793.897435897436,650.2142857142857,744.3589743589744,375.92857142857144,430.38461538461536,318.2857142857143,364.46153846153845
343,Control,Suburban - Standalone,16,7000,0,10763.25,11078.358974358975,851.8571428571429,938.7179487179487,492.92857142857144,543.2051282051282,452.2857142857143,498.35897435897436
439,Control,Urban - Strip Mall,30,196000,82,10345.25,10369.897435897436,889.9285714285714,956.3846153846154,565.5,607.7435897435897,479.7857142857143,515.6923076923077
442,Control,Rural - Standalone,27,4000,36,11630.435714285715,11527.23076923077,1035.5714285714287,1100.4358974358975,693.2142857142857,736.7435897435897,728.0714285714286,773.5897435897435
79,Control,Urban - Standalone,39,129000,3,9247.364285714286,9024.28205128205,738.8571428571429,772.9487179487179,432.14285714285717,452.1025641025641,391.64285714285717,409.71794871794873
121,Control,Urban - Strip Mall,6,213000,97,5241.714285714285,5300.794871794872,426.42857142857144,462.3076923076923,254.14285714285714,275.3333333333333,195.64285714285714,212.15384615384616
181,Control,Rural - Strip Mall,24,27000,3,7104.035714285716,7361.641025641025,482.64285714285717,535.8717948717949,244.92857142857142,271.94871794871796,155.92857142857142,172.94871794871796
431,Control,Metropolitan - Strip Mall,35,5000,7,4149.421428571429,4243.5641025641025,333.42857142857144,365.0769230769231,195.92857142857142,214.6153846153846,170.28571428571428,186.48717948717947
304,Control,Suburban - Strip Mall,19,73000,40,10068.885714285716,10517.76923076923,714.2142857142857,798.6153846153846,374.92857142857144,419.3333333333333,244.92857142857142,273.87179487179486
189,Control,Urban - Standalone,12,86000,3,15478.871428571427,15904.666666666666,1235.2142857142858,1360.5384615384614,721.5,794.6666666666666,658.7142857142857,725.5897435897435
437,8B,Suburban - Standalone,27,265000,14,6009.742857142858,6018.2307692307695,474.7857142857143,517.5128205128206,278.7857142857143,303.94871794871796,257.14285714285717,280.1794871794872
474,Control,Suburban - Strip Mall,40,242000,38,10087.435714285715,10455.307692307691,902.9285714285714,1003.6666666666666,611.0714285714286,678.8974358974359,632.9285714285714,703.4615384615385
195,Control,Urban - Strip Mall,6,132000,13,11593.72857142857,12067.333333333334,888.5,990.8205128205128,499.2857142857143,556.6153846153846,422.5,471.20512820512823
327,Control,Suburban - Strip Mall,39,153000,22,16000.192857142856,15294.384615384615,1202.0,1231.076923076923,663.4285714285714,679.2820512820513,496.2857142857143,508.0769230769231
138,8A,Urban - Standalone,17,243000,12,11773.035714285716,11695.128205128205,848.0714285714286,924.9487179487179,460.7857142857143,502.6666666666667,330.57142857142856,360.64102564102564
146,Control,Metropolitan - Strip Mall,33,19000,1,9814.635714285714,9899.871794871795,740.7857142857143,800.0769230769231,410.07142857142856,443.05128205128204,306.57142857142856,331.20512820512823
287,Control,Metropolitan - Standalone,23,12000,68,3309.4285714285716,3230.2051282051284,257.2142857142857,268.84615384615387,146.35714285714286,153.02564102564102,115.14285714285714,120.41025641025641
451,Control,Urban - Strip Mall,36,70000,4,6800.1,6639.74358974359,487.85714285714283,510.3076923076923,258.64285714285717,270.64102564102564,193.64285714285714,202.48717948717947
469,Control,Urban - Standalone,24,484000,74,10671.035714285716,10250.794871794871,933.5,960.8974358974359,606.7142857142857,624.6153846153846,630.4285714285714,648.974358974359
44,Control,Suburban - Strip Mall,4,94000,26,16145.314285714283,16055.435897435897,1128.0,1201.0,585.0,622.9230769230769,383.64285714285717,408.4102564102564
141,Control,Suburban - Standalone,27,60000,2,10526.850000000002,11251.51282051282,896.5,1027.128205128205,562.3571428571429,644.3846153846154,505.7142857142857,579.4358974358975
326,7A,Urban - Standalone,9,177000,12,8944.857142857141,9179.692307692309,687.7857142857143,785.3076923076923,401.85714285714283,458.79487179487177,338.57142857142856,386.56410256410254
441,Control,Rural - Standalone,12,351000,11,10425.114285714284,10614.0,883.6428571428571,964.0,550.7857142857143,600.9230769230769,540.5,589.5384615384615
128,7B,Suburban - Standalone,30,274000,9,10400.385714285714,10885.589743589744,871.8571428571429,1002.4871794871794,552.9285714285714,635.8717948717949,510.2857142857143,586.8461538461538
222,Control,Suburban - Strip Mall,21,217000,17,12898.27142857143,13340.179487179486,1048.2857142857142,1161.4102564102564,623.2142857142857,690.5897435897435,581.7857142857143,644.6410256410256
371,Control,Urban - Strip Mall,10,267000,18,11987.42857142857,11624.74358974359,999.9285714285714,1039.2820512820513,611.8571428571429,636.0512820512821,599.8571428571429,623.4615384615385
91,Control,Suburban - Strip Mall,1,137000,27,14953.02142857143,15614.333333333334,1299.857142857143,1455.4358974358975,838.1428571428571,938.3076923076923,755.9285714285714,846.3846153846154
175,Control,Suburban - Standalone,24,399000,52,13814.692857142858,14174.948717948719,1063.142857142857,1169.7948717948718,600.1428571428571,660.2820512820513,500.0,550.0769230769231
180,7B,Urban - Standalone,33,103000,8,7032.992857142856,7028.871794871795,561.8571428571429,617.2820512820513,337.14285714285717,370.4871794871795,272.7857142857143,299.5897435897436
293,Control,Suburban - Strip Mall,33,396000,12,12387.05,12401.692307692309,1052.7142857142858,1130.2307692307693,659.0,707.4615384615385,630.2142857142857,676.5128205128206
382,8B,Suburban - Standalone,30,44000,2,7742.285714285715,8052.51282051282,626.5,709.5384615384615,377.35714285714283,427.4102564102564,310.0,351.2564102564103
93,Control,Rural - Strip Mall,22,273000,61,7407.150000000001,7795.974358974359,649.0714285714286,731.8717948717949,422.85714285714283,476.87179487179486,416.14285714285717,469.3333333333333
215,Control,Suburban - Standalone,39,22000,1,7876.214285714284,7900.410256410257,606.5,652.2051282051282,342.2142857142857,368.2564102564103,286.0,307.6923076923077
357,8B,Suburban - Standalone,16,8000,65,9149.642857142859,9018.102564102564,688.7857142857143,739.025641025641,386.2142857142857,414.53846153846155,286.57142857142856,307.61538461538464
414,Control,Rural - Standalone,41,281000,9,11658.585714285713,13083.692307692309,1004.9285714285714,1208.1025641025642,639.7142857142857,769.025641025641,646.2857142857143,777.0512820512821
448,7B,Suburban - Strip Mall,7,55000,2,15357.421428571428,16799.0,1270.642857142857,1525.4102564102564,791.9285714285714,950.6410256410256,790.1428571428571,948.6923076923077
43,Control,Rural - Standalone,14,6000,30,9893.385714285714,9981.28205128205,780.6428571428571,844.1282051282051,451.07142857142856,487.6923076923077,336.2857142857143,363.61538461538464
267,7A,Suburban - Strip Mall,28,94000,3,6977.942857142858,7340.205128205128,527.7857142857143,618.0769230769231,303.57142857142856,355.5128205128205,260.42857142857144,305.0
147,Control,Suburban - Strip Mall,27,57000,3,11603.457142857142,11413.948717948719,834.5,879.7948717948718,443.64285714285717,467.53846153846155,309.2857142857143,326.12820512820514
17,8A,Suburban - Strip Mall,18,117000,25,6210.428571428572,5859.4358974358975,520.7857142857143,538.8974358974359,329.7142857142857,341.20512820512823,291.64285714285717,301.8205128205128
334,7B,Urban - Standalone,8,39000,35,9355.07142857143,9458.28205128205,617.0,686.2564102564103,312.5,347.43589743589746,201.71428571428572,224.30769230769232
405,Control,Suburban - Strip Mall,40,46000,1,14628.785714285714,14874.128205128205,1095.357142857143,1193.6666666666667,602.8571428571429,656.8461538461538,461.42857142857144,502.61538461538464
127,Control,Rural - Standalone,13,58000,61,5554.0142857142855,5432.923076923077,458.64285714285717,480.35897435897436,277.2142857142857,290.46153846153845,217.78571428571428,228.2051282051282
285,Control,Urban - Strip Mall,34,281000,13,16680.992857142857,16275.794871794871,1418.7142857142858,1482.948717948718,887.8571428571429,927.9487179487179,867.5,906.6923076923077
467,Control,Suburban - Standalone,7,38000,4,13004.028571428573,13660.615384615385,1104.7857142857142,1243.0,690.0714285714286,776.5641025641025,639.9285714285714,719.7179487179487
1,Control,Urban - Standalone,8,388000,45,16152.95,16345.051282051281,1356.9285714285713,1469.7692307692307,835.9285714285714,905.4871794871794,788.4285714285714,854.025641025641
114,Control,Suburban - Strip Mall,14,21000,1,8091.771428571427,8076.4358974358975,643.5714285714286,688.0769230769231,374.42857142857144,400.3333333333333,310.35714285714283,331.9230769230769
131,Control,Urban - Standalone,8,67000,3,12885.864285714286,12770.051282051281,1016.0714285714286,1080.025641025641,586.9285714285714,623.7948717948718,508.07142857142856,540.1794871794872
262,8B,Urban - Standalone,5,5000,16,3900.342857142857,4204.948717948718,299.92857142857144,352.2307692307692,171.57142857142858,201.6153846153846,131.21428571428572,153.92307692307693
346,Control,Urban - Strip Mall,31,39000,71,10930.3,11286.564102564103,736.7142857142857,815.6410256410256,371.7857142857143,411.46153846153845,249.57142857142858,276.3333333333333
42,Control,Suburban - Strip Mall,11,19000,1,14730.721428571427,15454.384615384615,1279.2857142857142,1438.3589743589744,823.0714285714286,925.4615384615385,779.6428571428571,876.5128205128206
71,7A,Urban - Strip Mall,21,400000,31,12075.92142857143,11784.97435897436,1000.2857142857143,1086.5384615384614,635.5,690.3846153846154,567.9285714285714,617.0
457,Control,Urban - Standalone,23,184000,7,8312.6,8256.333333333334,596.2857142857143,634.2051282051282,316.2142857142857,336.2564102564103,217.21428571428572,231.12820512820514
78,Control,Suburban - Strip Mall,2,259000,74,12777.249999999998,12864.0,1089.7857142857142,1175.5128205128206,684.5,738.2307692307693,600.7857142857143,647.9487179487179
136,7B,Suburban - Standalone,4,87000,4,14124.385714285714,14541.25641025641,1178.142857142857,1333.7692307692307,743.3571428571429,841.6153846153846,725.9285714285714,821.7948717948718
446,Control,Suburban - Strip Mall,29,17000,0,14115.635714285712,14787.641025641025,1095.357142857143,1230.0,622.6428571428571,699.2564102564103,541.7857142857143,608.3846153846154
246,8B,Urban - Strip Mall,21,480000,23,15315.092857142858,15507.384615384615,1201.642857142857,1324.4615384615386,700.7142857142857,772.4102564102565,642.0,707.6923076923077
51,Control,Urban - Standalone,40,26000,88,11440.557142857142,11548.564102564103,941.7142857142857,1019.3333333333334,568.0714285714286,615.0,456.07142857142856,493.61538461538464
77,Control,Suburban - Standalone,27,276000,6,11321.435714285713,11881.179487179486,951.4285714285714,1069.7948717948718,587.0714285714286,660.0,524.0,589.2820512820513
160,Control,Suburban - Strip Mall,19,66000,67,4549.464285714285,4603.205128205128,370.35714285714283,401.84615384615387,220.92857142857142,239.6153846153846,180.85714285714286,196.30769230769232
198,Control,Urban - Standalone,41,160000,10,15804.29285714286,17143.358974358973,1251.357142857143,1454.7692307692307,725.2142857142857,843.0769230769231,616.1428571428571,716.2820512820513
313,Control,Suburban - Standalone,7,94000,36,12211.650000000003,12461.48717948718,1047.5,1145.948717948718,663.1428571428571,725.5128205128206,552.8571428571429,604.8461538461538
9,Control,Suburban - Standalone,26,279000,7,15515.800000000003,15203.358974358975,1380.642857142857,1449.6666666666667,922.3571428571429,968.4358974358975,898.1428571428571,942.8205128205128
39,Control,Suburban - Standalone,9,5000,16,4390.192857142857,4691.692307692308,352.2142857142857,403.2307692307692,206.71428571428572,236.66666666666666,152.35714285714286,174.4102564102564
163,8B,Rural - Strip Mall,25,30000,5,12818.678571428569,12094.923076923076,1117.4285714285713,1148.3076923076924,741.0,761.3846153846154,817.7142857142857,840.2051282051282
396,Control,Suburban - Standalone,7,94000,4,13487.57142857143,13471.051282051281,1203.5,1286.923076923077,806.7857142857143,862.6923076923077,802.6428571428571,858.0769230769231
8,7B,Urban - Standalone,29,369000,8,15148.585714285715,14645.97435897436,1332.4285714285713,1416.3333333333333,915.7857142857143,973.5897435897435,1080.4285714285713,1148.4615384615386
323,8B,Metropolitan - Strip Mall,33,110000,24,15705.32857142857,15516.23076923077,1166.642857142857,1256.4358974358975,647.2857142857143,696.974358974359,474.07142857142856,510.4871794871795
409,Control,Urban - Strip Mall,10,251000,16,14676.385714285716,14355.589743589744,1164.857142857143,1220.4358974358975,676.2142857142857,708.4871794871794,569.6428571428571,596.7179487179487
159,7B,Suburban - Standalone,37,262000,6,15798.328571428572,16101.02564102564,1312.142857142857,1470.025641025641,823.2857142857143,922.2564102564103,764.4285714285714,856.3333333333334
178,Control,Urban - Standalone,5,49000,37,12345.22857142857,13385.128205128205,1019.5,1185.1025641025642,617.2857142857143,717.5897435897435,574.5714285714286,667.9230769230769
364,Control,Suburban - Standalone,13,33000,71,9972.764285714287,9870.461538461539,851.6428571428571,903.1025641025641,535.9285714285714,568.2564102564103,450.07142857142856,477.2307692307692
421,Control,Suburban - Strip Mall,27,127000,50,14204.957142857142,14853.23076923077,1185.0714285714287,1327.974358974359,725.3571428571429,812.7179487179487,623.4285714285714,698.6410256410256
158,8A,Rural - Strip Mall,38,144000,9,14355.657142857142,14529.384615384615,1153.857142857143,1282.974358974359,696.5714285714286,774.5384615384615,585.5714285714286,651.1794871794872
205,Control,Rural - Strip Mall,21,4000,1,12679.628571428571,12887.97435897436,1138.7857142857142,1240.025641025641,774.2142857142857,842.8717948717949,776.9285714285714,846.0512820512821
443,Control,Urban - Strip Mall,31,377000,9,15512.657142857142,16182.435897435897,1387.4285714285713,1550.4102564102564,935.1428571428571,1044.948717948718,1153.857142857143,1289.4358974358975
134,Control,Rural - Strip Mall,11,317000,22,16823.835714285713,17451.69230769231,1328.5714285714287,1477.1538461538462,768.0,854.0512820512821,587.4285714285714,653.1794871794872
240,Control,Suburban - Strip Mall,40,336000,53,9804.214285714286,9173.0,816.0714285714286,818.3589743589744,498.2857142857143,499.71794871794873,426.2857142857143,427.53846153846155
260,Control,Urban - Standalone,7,481000,30,7962.77142857143,8024.307692307692,683.5714285714286,737.9230769230769,432.64285714285717,467.20512820512823,428.7857142857143,463.05128205128204
270,Control,Suburban - Standalone,29,9000,2,10096.842857142856,10479.615384615385,695.1428571428571,773.2564102564103,356.57142857142856,396.61538461538464,255.0,283.46153846153845
142,Control,Urban - Standalone,38,51000,2,7159.928571428572,7243.692307692308,560.5714285714286,607.1025641025641,321.0,347.6666666666667,286.7857142857143,310.4102564102564
218,Control,Metropolitan - Strip Mall,28,204000,9,17110.72857142857,16676.615384615383,1475.2142857142858,1542.128205128205,940.7857142857143,983.3076923076923,839.3571428571429,877.2820512820513
332,Control,Rural - Standalone,32,182000,19,9043.242857142857,8965.461538461539,725.8571428571429,770.7435897435897,426.07142857142856,452.43589743589746,361.0,383.38461538461536
214,Control,Suburban - Standalone,38,474000,9,10842.671428571428,10670.871794871795,929.0714285714286,980.1282051282051,587.4285714285714,619.5897435897435,545.7142857142857,575.6153846153846
367,Control,Metropolitan - Strip Mall,29,1000000,95,16482.964285714283,16595.897435897437,1266.5714285714287,1367.128205128205,713.6428571428571,770.2307692307693,586.6428571428571,633.1794871794872
374,8B,Suburban - Strip Mall,7,73000,7,8567.27857142857,8489.25641025641,735.2857142857143,793.7692307692307,476.07142857142856,513.974358974359,462.42857142857144,499.3076923076923
299,Control,Suburban - Strip Mall,40,90000,49,6411.135714285714,6560.615384615385,543.7857142857143,596.0512820512821,339.2142857142857,371.71794871794873,322.2857142857143,353.28205128205127
338,Control,Urban - Strip Mall,33,8000,9,4610.328571428572,4463.538461538462,347.07142857142856,360.46153846153845,192.14285714285714,199.43589743589743,144.5,149.97435897435898
3,Control,Urban - Standalone,36,13000,6,13627.649999999998,13466.692307692309,1092.0714285714287,1156.0,640.1428571428571,677.6410256410256,513.3571428571429,543.3846153846154
309,Control,Suburban - Standalone,2,16000,13,5737.128571428571,6150.25641025641,437.85714285714283,503.0769230769231,245.28571428571428,281.71794871794873,172.5,198.02564102564102
445,Control,Urban - Strip Mall,34,23000,56,9179.507142857143,9938.820512820514,688.5,799.4102564102565,379.7142857142857,440.84615384615387,297.5,345.4102564102564
92,Control,Suburban - Standalone,8,472000,29,8763.564285714287,9622.74358974359,739.4285714285714,869.025641025641,457.7857142857143,538.1282051282051,401.57142857142856,472.0
411,Control,Suburban - Standalone,31,441000,14,8815.314285714285,8527.794871794871,725.2142857142857,752.4102564102565,437.35714285714283,453.71794871794873,378.92857142857144,393.0
64,Control,Rural - Standalone,33,35000,2,14507.371428571429,14165.692307692309,1048.5,1098.0,560.0,586.4615384615385,446.07142857142856,467.0
35,Control,Suburban - Standalone,13,5000,35,3080.4357142857143,3052.846153846154,265.85714285714283,282.0769230769231,169.5,179.82051282051282,144.78571428571428,153.5897435897436
20,Control,Urban - Strip Mall,39,75000,6,6122.171428571429,6436.025641025641,478.42857142857144,538.7435897435897,273.57142857142856,308.15384615384613,229.35714285714286,258.3333333333333
261,Control,Rural - Strip Mall,26,80000,13,7644.835714285715,7988.948717948718,561.3571428571429,628.025641025641,303.42857142857144,339.5128205128205,219.64285714285714,245.66666666666666
473,7A,Urban - Standalone,24,321000,11,13434.007142857143,13031.692307692309,1004.7857142857143,1084.179487179487,571.3571428571429,616.5128205128206,484.57142857142856,522.7948717948718
12,8B,Urban - Strip Mall,9,390000,10,11403.971428571429,10916.948717948719,995.8571428571429,1039.7692307692307,663.9285714285714,693.2820512820513,691.6428571428571,722.1282051282051
94,Control,Rural - Strip Mall,21,405000,59,6726.664285714286,6643.051282051282,572.9285714285714,606.7692307692307,359.64285714285717,380.7692307692308,313.2857142857143,331.79487179487177
393,8B,Suburban - Standalone,33,15000,0,12704.17857142857,12844.589743589744,907.1428571428571,999.1025641025641,486.07142857142856,535.3333333333334,384.64285714285717,423.6923076923077
428,Control,Rural - Standalone,39,6000,9,4137.621428571429,4271.74358974359,307.57142857142856,340.15384615384613,168.14285714285714,185.89743589743588,115.57142857142857,127.76923076923077
210,Control,Suburban - Strip Mall,17,459000,58,9128.449999999999,9382.333333333334,748.5,824.025641025641,449.14285714285717,494.5897435897436,376.07142857142856,414.05128205128204
52,Control,Urban - Standalone,35,75000,27,4857.857142857143,4584.846153846154,375.14285714285717,379.4871794871795,212.35714285714286,214.84615384615384,155.57142857142858,157.35897435897436
345,8A,Suburban - Strip Mall,27,28000,2,8676.164285714285,8769.051282051281,614.5,680.6666666666666,328.64285714285717,364.05128205128204,247.92857142857142,274.71794871794873
452,Control,Urban - Standalone,5,345000,14,11577.028571428571,11501.615384615385,998.2857142857143,1063.974358974359,637.0714285714286,678.8974358974359,646.0714285714286,688.5128205128206
11,7B,Suburban - Standalone,29,53000,1,9678.82857142857,9225.615384615385,790.2142857142857,829.0,486.42857142857144,510.3333333333333,420.92857142857144,441.4871794871795
145,Control,Rural - Standalone,35,396000,50,9812.742857142859,11033.205128205129,827.8571428571429,997.025641025641,513.0714285714286,617.6923076923077,425.5,512.2820512820513
237,Control,Urban - Standalone,6,28000,6,7607.514285714285,7230.4358974358975,536.7142857142857,546.5897435897435,280.85714285714283,285.84615384615387,206.0,209.56410256410257
466,7B,Suburban - Strip Mall,13,376000,28,10777.771428571428,11073.128205128205,890.7857142857143,1005.7435897435897,555.4285714285714,626.8717948717949,568.0714285714286,641.1794871794872
88,Control,Suburban - Standalone,23,469000,11,7963.614285714286,7968.538461538462,725.7857142857143,778.6153846153846,514.7857142857143,552.4102564102565,606.0,650.2820512820513
130,Control,Suburban - Strip Mall,9,158000,13,8224.257142857143,7933.846153846154,712.2142857142857,736.974358974359,457.07142857142856,472.94871794871796,431.7142857142857,446.71794871794873
172,Control,Suburban - Standalone,35,128000,3,15151.892857142859,15343.51282051282,1339.857142857143,1453.5384615384614,885.2857142857143,960.2820512820513,870.5,944.3333333333334
229,8B,Urban - Standalone,10,38000,31,11041.7,11321.692307692309,897.7857142857143,1001.8717948717949,543.2857142857143,606.2564102564103,429.2857142857143,478.94871794871796
369,Control,Urban - Strip Mall,13,109000,3,6518.335714285714,6496.7692307692305,504.7142857142857,538.7948717948718,286.2857142857143,305.5128205128205,241.5,257.7435897435897
370,Control,Urban - Standalone,27,327000,10,13684.82142857143,14220.358974358975,1237.2857142857142,1377.2051282051282,853.5,949.974358974359,1053.7857142857142,1172.6666666666667
395,8A,Suburban - Standalone,10,181000,17,10602.65,10261.461538461539,857.0,910.3076923076923,519.9285714285714,552.2564102564103,484.85714285714283,514.9487179487179
413,8A,Urban - Strip Mall,37,377000,9,14020.27142857143,13119.051282051281,1194.7142857142858,1226.5641025641025,773.5714285714286,794.1794871794872,840.9285714285714,863.2307692307693
268,Control,Suburban - Standalone,27,49000,2,5068.328571428571,5472.846153846154,442.85714285714283,512.4102564102565,287.35714285714283,332.56410256410254,282.2857142857143,326.6923076923077
185,8A,Urban - Standalone,16,168000,64,6410.714285714285,6209.897435897436,491.14285714285717,522.7692307692307,282.5,300.6666666666667,225.85714285714286,240.51282051282053
227,Control,Suburban - Strip Mall,17,182000,10,13330.621428571429,14004.28205128205,1149.9285714285713,1295.5641025641025,733.5714285714286,826.5897435897435,660.5714285714286,744.1025641025641
63,Control,Suburban - Strip Mall,17,32000,25,9292.835714285715,9847.25641025641,756.3571428571429,859.4358974358975,450.7857142857143,512.3333333333334,395.2142857142857,449.28205128205127
339,Control,Suburban - Strip Mall,30,90000,63,6036.75,6192.205128205128,461.7857142857143,507.43589743589746,258.92857142857144,284.61538461538464,187.5,206.15384615384616
217,Control,Rural - Standalone,19,223000,10,11039.8,11522.97435897436,998.8571428571429,1118.051282051282,692.5,775.0769230769231,861.5714285714286,964.4102564102565
290,Control,Suburban - Strip Mall,10,225000,21,8775.021428571428,9457.897435897436,671.1428571428571,774.4358974358975,376.07142857142856,433.97435897435895,316.5,365.12820512820514
456,Control,Suburban - Standalone,33,93000,18,7713.364285714285,8273.205128205129,618.7142857142857,711.1282051282051,362.92857142857144,417.28205128205127,303.7857142857143,349.05128205128204
475,8B,Urban - Strip Mall,16,209000,76,14752.55,14508.358974358975,1088.9285714285713,1165.5641025641025,599.8571428571429,642.0512820512821,453.07142857142856,484.97435897435895
87,8A,Urban - Standalone,30,8000,38,13125.157142857142,12497.128205128205,1060.7142857142858,1107.7948717948718,643.0714285714286,671.6923076923077,504.14285714285717,526.7435897435897
403,8A,Urban - Strip Mall,37,189000,7,11137.4,11104.02564102564,926.5,1012.6153846153846,580.4285714285714,634.3589743589744,594.7142857142857,649.9230769230769
41,Control,Urban - Strip Mall,9,19000,15,8163.7071428571435,8350.51282051282,693.5,760.5897435897435,433.64285714285717,475.6923076923077,375.2857142857143,411.61538461538464
56,Control,Suburban - Standalone,31,14000,5,12032.078571428572,12768.02564102564,947.5,1078.2051282051282,546.5714285714286,621.974358974359,392.35714285714283,446.4871794871795
196,8A,Suburban - Standalone,2,413000,10,15835.057142857142,16012.97435897436,1368.0714285714287,1516.871794871795,903.7142857142857,1001.8461538461538,905.1428571428571,1003.5384615384615
257,8A,Rural - Standalone,14,17000,14,10787.742857142857,10411.692307692309,892.4285714285714,945.3846153846154,556.1428571428571,589.0512820512821,462.0,489.5128205128205
415,Control,Urban - Standalone,25,57000,30,14379.371428571427,15132.205128205129,1081.4285714285713,1219.8461538461538,597.4285714285714,674.025641025641,464.7857142857143,524.2564102564103
482,Control,Suburban - Strip Mall,36,8000,0,5764.278571428572,6285.871794871795,505.07142857142856,590.1282051282051,329.07142857142856,384.46153846153845,338.07142857142856,395.02564102564105
97,Control,Urban - Standalone,25,8000,4,13476.264285714287,14370.410256410256,1124.5,1285.8461538461538,688.7142857142857,787.6153846153846,604.6428571428571,691.4615384615385
312,7B,Suburban - Standalone,36,16000,0,6256.821428571429,6115.589743589743,469.07142857142856,503.7692307692308,264.2142857142857,283.84615384615387,216.35714285714286,232.4102564102564
352,Control,Suburban - Standalone,19,7000,1,12017.221428571429,12255.538461538461,1052.7142857142858,1150.5128205128206,685.7142857142857,749.3589743589744,728.0714285714286,795.5128205128206
449,Control,Urban - Standalone,14,52000,2,10330.785714285714,10816.97435897436,805.5,904.025641025641,460.0,516.2564102564103,353.14285714285717,396.38461538461536
16,8A,Urban - Strip Mall,28,66000,1,6225.007142857142,6438.4358974358975,498.57142857142856,566.2307692307693,299.7142857142857,340.4102564102564,254.42857142857142,288.94871794871796
22,Control,Urban - Standalone,9,161000,4,9313.535714285714,9420.076923076924,733.2142857142857,794.6923076923077,422.5,457.9230769230769,351.14285714285717,380.56410256410254
68,Control,Rural - Strip Mall,38,21000,1,10750.242857142857,11089.589743589744,931.0714285714286,1029.7435897435898,597.2857142857143,660.4871794871794,591.3571428571429,653.8974358974359
235,Control,Urban - Standalone,9,10000,16,5518.478571428571,5395.641025641025,446.2857142857143,467.4871794871795,264.14285714285717,276.8205128205128,218.28571428571428,228.69230769230768
271,Control,Rural - Strip Mall,14,54000,6,4935.0,5072.410256410257,379.07142857142856,416.8205128205128,213.07142857142858,234.3846153846154,173.71428571428572,191.05128205128204
155,7A,Suburban - Standalone,26,448000,31,10674.664285714285,10236.384615384615,903.0,964.0769230769231,591.2142857142857,631.0512820512821,549.6428571428571,586.7179487179487
139,Control,Metropolitan - Standalone,15,13000,28,7177.249999999999,7869.282051282052,536.0714285714286,629.9487179487179,294.35714285714283,345.94871794871796,226.85714285714286,266.71794871794873
329,Control,Suburban - Strip Mall,37,366000,17,15425.878571428573,15624.102564102564,1259.142857142857,1365.7692307692307,751.8571428571429,815.5128205128206,728.3571428571429,790.025641025641
384,8B,Urban - Standalone,33,9000,2,6569.8785714285705,6788.0,515.3571428571429,579.6153846153846,300.57142857142856,338.05128205128204,267.2142857142857,300.56410256410254
7,Control,Urban - Standalone,22,115000,3,13077.757142857143,13597.435897435897,1110.2857142857142,1237.7179487179487,693.8571428571429,773.4871794871794,619.3571428571429,690.3076923076923
80,Control,Suburban - Strip Mall,30,203000,9,14892.671428571428,15024.846153846154,1135.5714285714287,1228.076923076923,635.2857142857143,687.0,504.5,545.5384615384615
152,8A,Urban - Standalone,6,28000,111,6664.928571428572,6457.615384615385,467.57142857142856,496.7692307692308,248.28571428571428,263.5897435897436,181.64285714285714,192.92307692307693
192,Control,Suburban - Standalone,22,206000,10,13624.657142857144,13476.128205128205,1132.2857142857142,1199.4871794871794,689.5714285714286,730.4871794871794,569.7857142857143,603.4358974358975
363,Control,Suburban - Standalone,22,430000,42,16511.042857142857,16824.410256410258,1336.857142857143,1460.3076923076924,792.5714285714286,865.7179487179487,726.7142857142857,793.7179487179487
28,Control,Suburban - Standalone,20,6000,6,9888.457142857142,10084.666666666666,756.2857142857143,825.974358974359,423.85714285714283,463.0,294.07142857142856,321.2307692307692
113,Control,Rural - Standalone,13,241000,5,14543.635714285712,15583.153846153846,1251.642857142857,1435.7692307692307,794.4285714285714,911.2564102564103,812.9285714285714,932.4102564102565
316,Control,Suburban - Standalone,17,475000,71,15758.692857142858,15993.153846153846,1414.7857142857142,1539.076923076923,962.1428571428571,1046.6923076923076,1130.142857142857,1229.2307692307693
81,Control,Urban - Strip Mall,23,189000,88,6096.842857142858,6475.820512820513,517.5714285714286,588.6153846153846,322.7142857142857,367.15384615384613,308.5,350.84615384615387
204,Control,Urban - Strip Mall,8,124000,4,11406.485714285713,11855.897435897436,926.5714285714286,1031.7948717948718,550.6428571428571,613.2051282051282,474.0,527.8461538461538
377,7B,Urban - Standalone,24,5000,2,15060.67142857143,15359.97435897436,1072.7142857142858,1203.6923076923076,578.2857142857143,648.8205128205128,445.64285714285717,499.8974358974359
447,Control,Suburban - Standalone,36,213000,10,8515.7,9177.461538461539,706.3571428571429,815.4871794871794,429.42857142857144,495.64102564102564,392.64285714285717,453.3333333333333
279,Control,Rural - Strip Mall,38,334000,65,10443.085714285715,10764.615384615385,892.4285714285714,985.6410256410256,561.8571428571429,620.4615384615385,502.85714285714283,555.3333333333334
462,Control,Urban - Strip Mall,30,5000,1,13605.264285714287,14026.076923076924,1128.9285714285713,1246.3076923076924,686.1428571428571,757.5641025641025,599.0,661.3076923076923
166,Control,Metropolitan - Strip Mall,22,208000,7,16120.921428571428,15925.0,1318.9285714285713,1397.2307692307693,790.7142857142857,837.6923076923077,645.7857142857143,684.2051282051282
269,Control,Suburban - Strip Mall,23,172000,18,7779.614285714286,7904.179487179487,677.8571428571429,737.4871794871794,437.64285714285717,476.2564102564103,414.2857142857143,450.97435897435895
336,Control,Suburban - Strip Mall,22,41000,57,9668.350000000002,10028.48717948718,789.2857142857143,877.7692307692307,471.85714285714283,524.9230769230769,371.2142857142857,412.79487179487177
132,7B,Suburban - Standalone,20,157000,5,16150.792857142858,15171.461538461539,1308.7142857142858,1351.3846153846155,797.7857142857143,823.6923076923077,789.1428571428571,814.7179487179487
193,Control,Urban - Strip Mall,19,318000,9,10298.264285714284,10109.666666666666,853.3571428571429,897.6923076923077,518.4285714285714,545.2051282051282,491.07142857142856,516.5641025641025
143,Control,Metropolitan - Strip Mall,41,94000,2,17001.864285714284,16147.564102564103,1369.7857142857142,1393.1538461538462,807.0,820.7948717948718,757.5714285714286,770.5128205128206
480,Control,Urban - Standalone,38,278000,102,5076.578571428572,5363.076923076923,446.2142857142857,505.3333333333333,292.35714285714283,331.1025641025641,283.85714285714283,321.4871794871795
157,Control,Urban - Strip Mall,18,339000,19,8828.185714285715,9101.384615384615,741.4285714285714,818.7435897435897,456.92857142857144,504.71794871794873,411.0,453.6923076923077
328,Control,Metropolitan - Strip Mall,22,263000,62,9570.949999999999,10092.410256410256,778.1428571428571,879.974358974359,463.5,524.0,399.14285714285717,451.28205128205127
444,Control,Urban - Standalone,29,71000,18,13864.357142857143,14472.692307692309,1089.0,1218.6410256410256,626.5,701.025641025641,481.85714285714283,539.2051282051282
394,Control,Suburban - Standalone,3,220000,5,13498.392857142857,14021.051282051281,1120.2142857142858,1247.5641025641025,681.8571428571429,759.3846153846154,691.2142857142857,769.7948717948718
483,Control,Suburban - Standalone,40,137000,29,5251.342857142858,5379.871794871795,397.42857142857144,436.4871794871795,221.0,242.66666666666666,157.42857142857142,172.87179487179486
54,Control,Metropolitan - Strip Mall,28,12000,39,3541.7857142857147,3867.25641025641,289.14285714285717,338.05128205128204,172.57142857142858,201.74358974358975,149.71428571428572,174.94871794871796
199,Control,Suburban - Standalone,40,343000,26,10265.514285714287,10724.692307692309,887.0,992.5897435897435,566.3571428571429,633.7692307692307,553.1428571428571,618.8974358974359
174,8A,Metropolitan - Standalone,27,8000,10,13990.07142857143,14159.28205128205,1126.0714285714287,1249.8974358974358,679.5,754.2051282051282,621.7142857142857,690.1538461538462
203,Control,Suburban - Strip Mall,14,165000,5,13980.371428571429,14096.948717948719,1217.7142857142858,1315.3589743589744,786.3571428571429,849.3846153846154,805.2857142857143,869.6923076923077
301,Control,Suburban - Strip Mall,7,303000,8,7749.2642857142855,7899.461538461538,646.7142857142857,706.4871794871794,395.92857142857144,432.64102564102564,384.35714285714283,420.1794871794872
472,8B,Urban - Standalone,14,18000,1,12605.428571428574,12828.794871794871,1035.7142857142858,1149.179487179487,635.3571428571429,704.9230769230769,554.6428571428571,615.4871794871794
171,8A,Suburban - Standalone,20,24000,12,4784.685714285714,4911.589743589743,409.42857142857144,461.0769230769231,266.7142857142857,300.35897435897436,267.5,301.02564102564105
197,Control,Urban - Standalone,24,159000,8,13021.185714285713,13143.897435897436,1020.6428571428571,1104.076923076923,585.5714285714286,633.5641025641025,455.14285714285717,492.43589743589746
303,Control,Suburban - Standalone,8,5000,0,15588.621428571429,16114.435897435897,1277.4285714285713,1414.0,765.8571428571429,847.8205128205128,805.5,891.6923076923077
15,Control,Suburban - Standalone,30,8000,50,11630.8,11867.871794871795,886.1428571428571,968.1794871794872,494.92857142857144,540.7179487179487,372.14285714285717,406.38461538461536
144,Control,Metropolitan - Standalone,26,15000,1,11440.614285714286,12017.589743589744,914.6428571428571,1029.3589743589744,535.0714285714286,602.0512820512821,463.7142857142857,522.0
219,Control,Urban - Standalone,7,72000,13,13734.307142857144,14356.205128205129,1115.2142857142858,1250.0,663.2857142857143,743.3076923076923,578.8571428571429,648.6410256410256
417,Control,Suburban - Strip Mall,38,81000,3,6642.949999999999,7313.128205128205,578.9285714285714,682.8974358974359,374.2857142857143,441.3333333333333,354.2142857142857,417.6923076923077
95,Control,Urban - Standalone,39,450000,28,15880.935714285715,15816.461538461539,1446.0714285714287,1544.4615384615386,1023.1428571428571,1092.7692307692307,1389.0714285714287,1483.4615384615386
107,Control,Rural - Strip Mall,37,5000,10,12492.807142857144,12504.384615384615,1009.6428571428571,1083.2564102564102,597.2142857142857,640.8717948717949,517.2142857142857,554.9230769230769
173,7A,Urban - Standalone,31,264000,43,13703.442857142858,12729.615384615385,1167.9285714285713,1205.1538461538462,770.9285714285714,795.4871794871794,808.3571428571429,834.0769230769231
245,8A,Urban - Standalone,6,42000,1,12689.278571428571,12636.897435897436,964.9285714285714,1055.179487179487,550.4285714285714,602.025641025641,461.85714285714283,505.1025641025641
305,Control,Suburban - Standalone,8,337000,8,8466.15,8738.461538461539,648.6428571428571,716.8205128205128,364.0,402.38461538461536,273.5,302.4102564102564
62,Control,Suburban - Strip Mall,31,12000,1,5054.078571428571,5396.717948717948,356.57142857142856,408.35897435897436,186.85714285714286,213.87179487179486,143.42857142857142,164.07692307692307
280,Control,Suburban - Standalone,32,13000,1,14588.17857142857,14549.076923076924,1250.5,1337.025641025641,791.0,845.7692307692307,686.3571428571429,733.8205128205128
45,7B,Urban - Standalone,18,225000,32,9941.400000000003,9887.179487179486,850.3571428571429,929.2564102564103,555.0714285714286,606.4102564102565,505.92857142857144,552.7948717948718
133,Control,Urban - Standalone,26,73000,2,5320.442857142857,5502.410256410257,445.2857142857143,494.0769230769231,273.92857142857144,303.79487179487177,281.07142857142856,311.6923076923077
206,Control,Suburban - Standalone,29,382000,42,14445.149999999998,14697.820512820514,1269.9285714285713,1385.3076923076924,832.1428571428571,907.9487179487179,821.7142857142857,896.4358974358975
320,Control,Urban - Standalone,18,470000,55,7730.6,7708.48717948718,697.6428571428571,744.6923076923077,478.42857142857144,510.8974358974359,509.14285714285717,543.5128205128206
194,Control,Urban - Standalone,13,25000,20,13870.342857142856,14261.384615384615,1089.0,1200.5641025641025,626.1428571428571,690.3076923076923,493.7142857142857,544.3589743589744
251,Control,Suburban - Standalone,16,230000,7,13463.271428571428,13401.589743589744,968.5,1033.4871794871794,515.0714285714286,549.5128205128206,376.64285714285717,402.05128205128204
426,Control,Urban - Standalone,6,149000,63,7033.021428571429,6871.4358974358975,549.9285714285714,576.3333333333334,315.07142857142856,330.2564102564103,260.2142857142857,272.6923076923077
104,7A,Urban - Standalone,33,193000,8,14267.942857142858,14096.25641025641,1198.5,1318.3589743589744,776.5714285714286,854.1282051282051,838.2142857142857,922.3589743589744
402,8B,Rural - Strip Mall,13,316000,22,6811.657142857142,6786.4358974358975,512.7142857142857,557.1282051282051,288.0,312.8205128205128,236.07142857142858,256.4871794871795
455,8B,Rural - Standalone,30,13000,11,4472.285714285715,4339.282051282052,386.5,408.4102564102564,252.71428571428572,267.05128205128204,220.0,232.6153846153846
191,Control,Suburban - Strip Mall,34,35000,19,6381.492857142858,6581.692307692308,468.85714285714283,518.5641025641025,254.0,280.94871794871796,185.35714285714286,204.92307692307693
258,Control,Rural - Standalone,11,52000,7,7380.300000000001,7389.7692307692305,593.2142857142857,636.025641025641,348.7142857142857,373.97435897435895,283.64285714285717,304.20512820512823
99,Control,Urban - Standalone,10,64000,27,9145.135714285714,9053.641025641025,736.1428571428571,780.5897435897435,433.2857142857143,459.5897435897436,389.64285714285717,413.20512820512823
317,Control,Suburban - Standalone,24,172000,33,11539.214285714284,11561.307692307691,868.7857142857143,932.8205128205128,480.35714285714283,515.7948717948718,339.64285714285717,364.79487179487177
429,7A,Rural - Standalone,19,16000,0,11270.757142857141,11073.076923076924,880.9285714285714,962.3589743589744,522.8571428571429,571.2307692307693,516.2142857142857,563.9487179487179
430,Control,Suburban - Standalone,13,160000,6,9308.514285714284,10226.179487179486,756.7142857142857,891.2051282051282,450.5,530.5128205128206,397.85714285714283,468.84615384615387
284,Control,Urban - Standalone,41,64000,2,5808.792857142857,5933.948717948718,496.42857142857144,543.2307692307693,312.5,342.02564102564105,301.07142857142856,329.2564102564103
340,Control,Suburban - Standalone,38,58000,2,6890.764285714285,7329.7692307692305,521.0714285714286,593.9487179487179,289.2142857142857,329.7435897435897,240.57142857142858,274.2564102564103
423,Control,Suburban - Standalone,37,178000,88,6685.692857142857,6788.358974358975,517.7857142857143,563.4615384615385,294.0,319.7692307692308,218.85714285714286,238.12820512820514
481,Control,Metropolitan - Standalone,16,256000,31,6490.650000000001,6880.48717948718,543.9285714285714,618.5641025641025,334.92857142857144,380.8205128205128,288.2142857142857,327.64102564102564
5,Control,Suburban - Standalone,20,111000,3,13698.27142857143,13676.128205128205,1131.9285714285713,1210.2564102564102,684.7142857142857,732.2820512820513,571.2857142857143,610.8974358974359
183,Control,Urban - Standalone,18,104000,59,9736.585714285713,9990.128205128205,751.0,825.2564102564103,424.35714285714283,466.2564102564103,320.2142857142857,351.8974358974359
277,7B,Suburban - Strip Mall,39,37000,4,11622.557142857142,11218.538461538461,891.3571428571429,946.4358974358975,513.5714285714286,545.3846153846154,420.5,446.6923076923077
314,Control,Suburban - Standalone,35,6000,1,11693.0,12282.589743589744,937.7142857142857,1055.6666666666667,550.2857142857143,619.6923076923077,484.2142857142857,545.2051282051282
82,Control,Rural - Standalone,12,50000,26,7435.4,7586.974358974359,585.5,640.1282051282051,337.57142857142856,368.9230769230769,271.85714285714283,297.2307692307692
170,Control,Rural - Standalone,29,325000,36,6431.785714285715,6695.128205128205,522.2142857142857,582.5641025641025,310.35714285714283,346.2564102564103,244.28571428571428,272.61538461538464
295,Control,Rural - Strip Mall,21,2000,7,14466.671428571428,14940.666666666666,1198.5,1325.076923076923,727.0,803.7435897435897,685.6428571428571,757.974358974359
378,7A,Urban - Standalone,9,14000,2,4874.892857142857,4764.7692307692305,333.85714285714283,363.2307692307692,175.78571428571428,191.28205128205127,132.42857142857142,144.15384615384616
296,Control,Suburban - Standalone,35,100000,33,5280.7071428571435,5188.48717948718,428.07142857142856,450.43589743589746,253.92857142857142,266.97435897435895,223.85714285714286,235.56410256410257
416,Control,Suburban - Standalone,37,147000,7,9995.199999999999,10342.641025641025,737.5714285714286,817.7179487179487,400.64285714285717,444.28205128205127,300.2142857142857,332.87179487179486
424,7A,Suburban - Standalone,35,124000,15,11475.064285714287,11538.76923076923,904.2857142857143,1011.2307692307693,541.5714285714286,605.5641025641025,487.64285714285717,545.4615384615385
188,7A,Suburban - Strip Mall,21,436000,21,16421.692857142858,15418.538461538461,1379.9285714285713,1439.3589743589744,891.6428571428571,929.8205128205128,849.5714285714286,886.3333333333334
306,Control,Urban - Standalone,31,216000,5,14745.557142857142,14485.97435897436,1173.5714285714287,1236.6153846153845,684.1428571428571,720.7948717948718,606.1428571428571,638.6923076923077
453,Control,Suburban - Strip Mall,25,96000,11,14311.614285714286,13936.102564102564,1132.4285714285713,1180.7692307692307,655.4285714285714,683.3076923076923,514.2142857142857,536.2307692307693
460,7A,Suburban - Standalone,10,17000,51,10688.814285714285,10729.641025641025,709.5714285714286,791.8974358974359,364.14285714285717,406.2564102564103,228.71428571428572,255.28205128205127
26,Control,Urban - Standalone,16,276000,12,11467.014285714287,11820.48717948718,925.9285714285714,1022.025641025641,546.8571428571429,603.4871794871794,485.42857142857144,535.9487179487179
53,7B,Urban - Standalone,6,222000,6,14682.85,13863.666666666666,1282.357142857143,1331.051282051282,867.7857142857143,900.8717948717949,1029.5,1068.7692307692307
209,Control,Urban - Standalone,17,183000,4,6514.4,6571.897435897436,512.0,553.5641025641025,294.64285714285717,318.4871794871795,237.5,256.71794871794873
167,Control,Suburban - Strip Mall,39,36000,9,12537.164285714285,13086.48717948718,987.3571428571429,1104.820512820513,569.4285714285714,637.1025641025641,440.2857142857143,492.6923076923077
255,Control,Urban - Standalone,7,349000,11,15132.085714285713,16608.48717948718,1247.642857142857,1465.948717948718,752.8571428571429,884.5128205128206,701.0714285714286,823.8461538461538
427,8A,Suburban - Standalone,4,69000,14,13871.792857142855,13597.25641025641,1189.7142857142858,1279.5897435897436,777.8571428571429,836.5128205128206,706.2857142857143,759.5384615384615
60,Control,Metropolitan - Standalone,21,69000,53,7676.592857142858,7651.717948717948,548.3571428571429,586.0769230769231,290.0,309.79487179487177,208.0,222.28205128205127
129,Control,Suburban - Standalone,34,251000,6,15278.842857142856,15192.71794871795,1207.9285714285713,1286.025641025641,698.3571428571429,743.4102564102565,642.8571428571429,684.3076923076923
140,Control,Urban - Strip Mall,15,475000,11,8554.857142857143,8759.923076923076,761.9285714285714,835.4615384615385,509.2142857142857,558.3589743589744,512.0,561.3846153846154
368,Control,Rural - Standalone,28,436000,22,12286.335714285713,12596.871794871795,998.4285714285714,1097.8974358974358,594.2857142857143,653.6410256410256,512.6428571428571,563.6666666666666
389,7B,Suburban - Strip Mall,9,239000,77,12169.092857142858,12348.666666666666,935.9285714285714,1045.3846153846155,541.2857142857143,604.5897435897435,452.42857142857144,505.3333333333333
30,Control,Suburban - Standalone,36,136000,6,9983.164285714285,9902.410256410256,754.6428571428571,802.4871794871794,419.0,445.56410256410254,333.7142857142857,354.8974358974359
112,Control,Suburban - Standalone,36,220000,14,12678.6,13185.692307692309,1020.5714285714286,1136.5641025641025,600.6428571428571,668.974358974359,498.5,555.1538461538462
259,Control,Suburban - Standalone,1,131000,60,8997.664285714285,9796.846153846154,775.5714285714286,903.7435897435897,492.92857142857144,574.6153846153846,429.2857142857143,500.38461538461536
344,7A,Rural - Strip Mall,20,57000,3,12556.550000000001,11912.71794871795,972.7857142857143,1026.6153846153845,572.4285714285714,604.0769230769231,504.0,532.0512820512821
310,Control,Suburban - Strip Mall,10,45000,40,9724.642857142857,9426.102564102564,765.0,794.4871794871794,440.57142857142856,457.38461538461536,324.42857142857144,336.87179487179486
201,7B,Suburban - Standalone,5,40000,38,10744.857142857143,10641.948717948719,900.6428571428571,981.7179487179487,572.4285714285714,624.0512820512821,521.2142857142857,568.3076923076923
238,7B,Urban - Strip Mall,6,57000,22,10858.850000000002,10957.358974358975,867.9285714285714,963.3589743589744,521.4285714285714,578.8717948717949,436.5,484.56410256410254
247,Control,Urban - Strip Mall,9,193000,11,9633.164285714285,9702.23076923077,779.3571428571429,841.3846153846154,461.64285714285717,498.4102564102564,404.7857142857143,437.15384615384613
298,7A,Suburban - Standalone,26,217000,76,10110.607142857143,9767.74358974359,793.5,852.2820512820513,472.85714285714283,507.84615384615387,365.85714285714283,392.8974358974359
156,Control,Suburban - Strip Mall,33,4000,37,10919.828571428572,11490.615384615385,897.7857142857143,1012.7692307692307,540.8571428571429,610.1282051282051,459.2142857142857,518.1282051282051
266,Control,Rural - Standalone,12,398000,9,11184.457142857142,10992.564102564103,998.0714285714286,1050.3333333333333,669.1428571428571,704.2051282051282,717.1428571428571,754.5897435897435
282,Control,Suburban - Strip Mall,4,9000,17,3546.0642857142857,3885.769230769231,284.85714285714283,334.84615384615387,167.71428571428572,197.02564102564102,134.64285714285714,158.23076923076923
252,7A,Rural - Standalone,18,26000,1,15189.050000000001,14661.461538461539,1131.2142857142858,1213.923076923077,640.4285714285714,687.3076923076923,554.9285714285714,595.3589743589744
477,7A,Metropolitan - Standalone,40,8000,15,14439.414285714287,14890.23076923077,1202.0,1379.6410256410256,768.5714285714286,882.025641025641,733.7142857142857,841.8974358974359
337,8B,Suburban - Strip Mall,23,365000,24,16909.835714285713,17247.128205128207,1393.0,1549.051282051282,857.0714285714286,953.025641025641,836.7142857142857,930.4615384615385
228,Control,Suburban - Strip Mall,38,31000,54,12776.607142857143,12574.28205128205,1009.8571428571429,1064.4871794871794,583.9285714285714,615.5384615384615,484.85714285714283,511.20512820512823
289,Control,Urban - Strip Mall,40,22000,35,7550.442857142858,7575.589743589743,594.7857142857143,639.8205128205128,343.07142857142856,369.0769230769231,253.78571428571428,273.02564102564105
168,7B,Suburban - Strip Mall,40,14000,34,4553.714285714284,4591.205128205128,304.64285714285717,337.64102564102564,155.92857142857142,172.82051282051282,108.35714285714286,120.15384615384616
2,Control,Suburban - Standalone,38,66000,45,6764.4857142857145,6875.4358974358975,540.7142857142857,588.8974358974359,316.35714285714283,344.4102564102564,271.7857142857143,296.05128205128204
13,Control,Suburban - Standalone,35,151000,18,12020.557142857142,12565.461538461539,963.5,1079.7948717948718,565.3571428571429,633.5128205128206,466.14285714285717,522.2051282051282
398,8B,Metropolitan - Strip Mall,40,273000,12,16555.757142857146,17307.30769230769,1324.2857142857142,1507.7692307692307,787.8571428571429,897.2051282051282,686.8571428571429,782.0
318,Control,Suburban - Standalone,3,10000,6,4317.3,4275.5641025641025,380.42857142857144,403.79487179487177,250.14285714285714,265.5128205128205,233.78571428571428,248.25641025641025
348,Control,Suburban - Strip Mall,34,287000,7,13652.164285714285,13532.25641025641,1144.2142857142858,1215.179487179487,703.7857142857143,747.4102564102565,709.1428571428571,753.2307692307693
118,Control,Suburban - Strip Mall,5,123000,4,16342.135714285712,15457.02564102564,1284.0,1300.179487179487,737.7857142857143,747.2051282051282,664.9285714285714,673.4615384615385
220,Control,Metropolitan - Strip Mall,17,7000,6,13895.728571428572,14863.871794871795,1076.5714285714287,1234.1538461538462,610.9285714285714,700.4871794871794,450.64285714285717,516.6923076923077
375,8B,Urban - Standalone,13,10000,0,6632.050000000001,7051.820512820513,533.0714285714286,617.2564102564103,318.7142857142857,369.1025641025641,323.92857142857144,375.05128205128204
459,7B,Suburban - Standalone,32,18000,38,3737.0999999999995,3770.7179487179487,256.35714285714283,284.4871794871795,134.0,148.56410256410257,87.5,97.12820512820512
18,Control,Urban - Strip Mall,35,298000,10,6786.5928571428585,6831.4358974358975,551.5,595.1538461538462,328.2857142857143,354.2307692307692,285.7142857142857,308.3333333333333
105,Control,Suburban - Strip Mall,5,243000,12,6370.45,6624.461538461538,547.2142857142857,609.6410256410256,346.92857142857144,386.43589743589746,357.7142857142857,398.5897435897436
216,Control,Rural - Strip Mall,39,106000,18,6276.478571428571,6394.615384615385,554.7142857142857,606.025641025641,366.64285714285717,400.6666666666667,385.42857142857144,421.12820512820514
224,Control,Suburban - Standalone,32,467000,30,9623.442857142858,10485.897435897436,797.0,929.4615384615385,483.14285714285717,563.4358974358975,457.7142857142857,533.8974358974359
433,Control,Suburban - Standalone,17,290000,50,14590.192857142856,14914.871794871795,1322.357142857143,1448.7948717948718,919.6428571428571,1007.5641025641025,1159.142857142857,1270.051282051282
83,Control,Suburban - Strip Mall,27,23000,1,9925.649999999998,10043.128205128205,771.9285714285714,837.4615384615385,440.0,477.3076923076923,388.57142857142856,421.53846153846155
231,Control,Rural - Strip Mall,34,279000,30,13885.221428571429,14486.615384615385,1149.642857142857,1284.7435897435898,697.2857142857143,779.1538461538462,661.1428571428571,738.7435897435897
207,8B,Urban - Standalone,17,268000,42,8515.442857142858,8455.205128205129,654.7857142857143,708.2307692307693,374.64285714285717,405.3333333333333,281.7142857142857,304.87179487179486
50,8B,Suburban - Strip Mall,10,134000,6,7019.042857142857,7151.25641025641,487.42857142857144,541.0512820512821,255.21428571428572,283.2307692307692,185.35714285714286,205.84615384615384
349,Control,Suburban - Standalone,3,21000,1,15690.421428571428,16415.4358974359,1264.142857142857,1418.4871794871794,746.0714285714286,837.0512820512821,653.9285714285714,733.9230769230769
66,Control,Urban - Standalone,39,453000,43,13048.878571428573,13836.102564102564,1106.857142857143,1257.923076923077,690.7857142857143,785.2051282051282,711.5,808.5128205128206
76,Control,Urban - Strip Mall,17,725000,41,5018.071428571428,5184.307692307692,367.85714285714283,407.5128205128205,198.85714285714286,220.28205128205127,132.71428571428572,147.05128205128204
391,Control,Urban - Standalone,13,226000,46,12965.978571428572,13033.410256410256,1156.7142857142858,1245.2051282051282,775.2857142857143,834.5897435897435,729.2142857142857,784.8717948717949
278,Control,Suburban - Standalone,3,22000,5,6685.857142857144,6973.7692307692305,500.92857142857144,559.5384615384615,275.64285714285717,307.94871794871796,211.5,236.25641025641025
324,7A,Rural - Standalone,12,17000,39,10660.035714285714,10885.153846153846,906.9285714285714,1030.051282051282,598.1428571428571,679.4871794871794,624.9285714285714,709.974358974359
407,Control,Rural - Standalone,15,380000,18,7425.064285714287,8186.74358974359,674.0714285714286,795.7692307692307,469.64285714285717,554.3846153846154,534.2142857142857,630.6666666666666
69,Control,Suburban - Strip Mall,18,384000,8,11822.850000000002,11758.48717948718,1041.7142857142858,1111.076923076923,685.4285714285714,730.9487179487179,684.2857142857143,729.7948717948718
242,Control,Suburban - Standalone,22,66000,2,12972.971428571427,12502.897435897436,1052.9285714285713,1087.128205128205,625.1428571428571,645.6666666666666,563.0,581.2051282051282
325,Control,Urban - Standalone,36,143000,4,7301.964285714287,7752.4358974358975,594.0,675.8974358974359,353.64285714285717,402.5128205128205,296.07142857142856,336.87179487179486
164,7B,Suburban - Standalone,10,28000,8,4533.95,4655.128205128205,357.7857142857143,403.79487179487177,211.92857142857142,239.17948717948718,187.57142857142858,211.64102564102564
213,Control,Suburban - Standalone,2,352000,9,11418.357142857145,12076.076923076924,941.7142857142857,1066.4615384615386,568.5714285714286,643.8974358974359,487.85714285714283,552.5641025641025
380,Control,Metropolitan - Standalone,36,340000,35,8321.699999999999,9053.25641025641,666.7857142857143,777.5641025641025,390.85714285714283,455.97435897435895,312.14285714285717,364.0
420,Control,Suburban - Standalone,4,5000,2,6176.157142857143,6210.897435897436,467.7142857142857,504.0,259.85714285714283,280.15384615384613,202.14285714285714,217.82051282051282
102,7A,Suburban - Standalone,21,61000,2,10989.55,10990.692307692309,790.0,878.2307692307693,433.14285714285717,481.5897435897436,324.2857142857143,360.5897435897436
103,8A,Metropolitan - Standalone,31,133000,21,8922.214285714284,8579.692307692309,747.9285714285714,789.3846153846154,473.7142857142857,500.1794871794872,453.7142857142857,478.79487179487177
117,Control,Suburban - Standalone,17,4000,56,15023.97857142857,15246.23076923077,1207.357142857143,1312.2051282051282,709.5,771.2307692307693,571.4285714285714,621.1282051282051
470,Control,Urban - Standalone,11,418000,96,15239.685714285717,15007.74358974359,1370.7142857142858,1447.4358974358975,936.8571428571429,988.9487179487179,1060.2142857142858,1119.4871794871794
360,Control,Suburban - Strip Mall,2,140000,13,7354.3214285714275,7682.7692307692305,571.3571428571429,639.7948717948718,325.07142857142856,364.0769230769231,278.64285714285717,312.1025641025641
471,8B,Suburban - Standalone,33,9000,1,14205.92857142857,13995.74358974359,1159.7142857142858,1244.3333333333333,705.4285714285714,756.7435897435897,640.6428571428571,687.2820512820513
84,Control,Urban - Strip Mall,36,157000,40,15324.04285714286,15768.307692307691,1307.142857142857,1441.7948717948718,821.5,906.1282051282051,753.6428571428571,831.4615384615385
322,Control,Urban - Standalone,32,340000,23,11598.685714285713,11333.307692307691,1004.3571428571429,1050.6410256410256,642.6428571428571,672.2307692307693,679.5,711.0
24,8A,Suburban - Strip Mall,31,5000,8,10803.257142857143,11802.128205128205,727.9285714285714,872.3333333333334,373.92857142857144,448.0,241.5,289.3333333333333
241,Control,Suburban - Standalone,40,44000,6,4972.400000000001,5201.102564102564,373.0,418.1025641025641,205.64285714285714,230.48717948717947,160.28571428571428,179.89743589743588
72,Control,Urban - Standalone,27,75000,54,7547.914285714285,7391.5641025641025,645.0714285714286,677.3846153846154,406.64285714285717,426.97435897435895,333.57142857142856,350.3333333333333
461,Control,Suburban - Standalone,9,28000,38,9004.0,9415.820512820514,769.0714285714286,861.1282051282051,483.5,541.2564102564103,446.64285714285717,500.20512820512823
116,7A,Suburban - Standalone,34,210000,14,6855.664285714286,6821.333333333333,495.0,547.2564102564103,272.35714285714283,301.1025641025641,209.35714285714286,231.53846153846155
390,Control,Suburban - Strip Mall,37,7000,15,6273.007142857144,6244.102564102564,492.5,525.6410256410256,283.2857142857143,302.1794871794872,220.5,235.28205128205127
135,Control,Suburban - Standalone,40,80000,41,6792.164285714286,7017.307692307692,579.9285714285714,641.8205128205128,364.7142857142857,403.5897435897436,320.64285714285717,355.0
463,Control,Suburban - Strip Mall,17,416000,96,8581.785714285714,8736.51282051282,693.6428571428571,756.0769230769231,409.85714285714283,446.84615384615387,331.7142857142857,361.6923076923077
351,7A,Suburban - Strip Mall,17,313000,9,11941.0,12657.846153846154,918.5,1083.6666666666667,537.0,633.5641025641025,495.14285714285717,584.2307692307693
31,7A,Urban - Strip Mall,13,30000,1,15835.307142857142,15277.641025641025,1116.5714285714287,1196.6153846153845,601.7142857142857,644.8205128205128,442.92857142857144,474.71794871794873
350,Control,Rural - Standalone,41,11000,2,15514.528571428571,15093.538461538461,1159.2142857142858,1209.4102564102564,637.0,664.7179487179487,478.2142857142857,498.79487179487177
49,Control,Metropolitan - Strip Mall,41,442000,11,8491.092857142858,8690.23076923077,738.6428571428571,810.6410256410256,476.64285714285717,523.0769230769231,446.07142857142856,489.5128205128205
55,Control,Suburban - Strip Mall,38,111000,3,14572.342857142856,13943.948717948719,1115.142857142857,1142.7948717948718,625.3571428571429,640.974358974359,518.4285714285714,531.2564102564103
208,8A,Suburban - Standalone,17,272000,19,9469.82142857143,9077.538461538461,740.4285714285714,779.0512820512821,433.85714285714283,456.4871794871795,341.14285714285717,358.87179487179486
256,Control,Suburban - Standalone,10,103000,40,4725.021428571427,4534.0,406.7857142857143,418.61538461538464,258.85714285714283,266.43589743589746,246.78571428571428,254.05128205128204
385,Control,Suburban - Strip Mall,25,370000,19,8605.535714285714,9021.25641025641,656.5714285714286,737.2820512820513,367.2857142857143,412.38461538461536,269.14285714285717,302.1025641025641
392,Control,Suburban - Standalone,5,485000,51,13037.264285714287,12300.871794871795,1044.7857142857142,1056.923076923077,613.0714285714286,620.1794871794872,500.57142857142856,506.3076923076923
182,Control,Suburban - Strip Mall,4,468000,88,11791.978571428572,11321.564102564103,983.7142857142857,1011.7435897435897,601.8571428571429,618.8974358974359,587.5,604.1794871794872
440,7B,Urban - Strip Mall,19,28000,3,16279.571428571426,16587.871794871793,1195.142857142857,1339.6923076923076,661.2857142857143,741.4871794871794,501.42857142857144,562.2564102564103
34,Control,Metropolitan - Standalone,30,402000,37,8591.742857142857,8532.897435897436,705.9285714285714,752.2051282051282,425.5,453.15384615384613,351.2857142857143,374.2564102564103
330,8B,Urban - Strip Mall,38,6000,1,7880.221428571429,7939.948717948718,559.7142857142857,613.8974358974359,298.35714285714283,327.28205128205127,204.85714285714286,224.74358974358975
358,Control,Suburban - Strip Mall,38,19000,2,11350.492857142857,10871.076923076924,885.2142857142857,908.5641025641025,505.57142857142856,518.974358974359,438.2857142857143,449.9230769230769
200,7B,Urban - Strip Mall,5,118000,39,14956.392857142859,15541.897435897436,1147.142857142857,1308.2820512820513,659.6428571428571,752.2820512820513,543.3571428571429,619.7179487179487
412,7A,Suburban - Strip Mall,20,233000,10,15018.171428571428,13718.71794871795,1188.5,1206.8461538461538,714.5714285714286,725.5897435897435,609.3571428571429,618.7435897435897
249,8A,Rural - Standalone,31,114000,63,8428.907142857144,8891.358974358975,735.5714285714286,850.5641025641025,494.35714285714283,571.6666666666666,511.2857142857143,591.2051282051282
321,Control,Metropolitan - Strip Mall,33,700000,3,5051.807142857143,5217.846153846154,435.07142857142856,481.2307692307692,276.42857142857144,305.6666666666667,235.14285714285714,260.20512820512823
33,Control,Urban - Strip Mall,24,25000,33,8998.82142857143,9247.333333333334,759.8571428571429,836.9230769230769,471.5,519.4871794871794,382.7857142857143,421.5897435897436
236,Control,Suburban - Strip Mall,24,189000,84,6629.164285714286,7096.384615384615,578.1428571428571,663.3076923076923,374.2142857142857,429.4102564102564,385.57142857142856,442.20512820512823
307,Control,Urban - Strip Mall,16,139000,57,13430.67857142857,14772.641025641025,1085.5,1278.6666666666667,641.7142857142857,755.7179487179487,529.2142857142857,623.1538461538462
342,Control,Suburban - Strip Mall,1,47000,15,15313.357142857143,15735.307692307691,1118.2142857142858,1231.6666666666667,602.4285714285714,663.3333333333334,467.57142857142856,515.1282051282051
148,Control,Urban - Strip Mall,8,147000,13,15432.6,15384.128205128205,1143.7142857142858,1220.974358974359,623.3571428571429,665.4615384615385,496.07142857142856,529.4102564102565
190,Control,Urban - Standalone,8,299000,11,7058.907142857142,7236.74358974359,564.5714285714286,620.0,330.35714285714283,362.5897435897436,297.2142857142857,326.38461538461536
233,Control,Urban - Standalone,25,340000,38,15269.257142857141,15280.28205128205,1320.2857142857142,1416.3589743589744,844.7142857142857,906.2307692307693,880.2857142857143,944.2307692307693
373,Control,Suburban - Strip Mall,4,25000,24,12105.342857142858,13170.564102564103,904.2857142857143,1054.5128205128206,496.7857142857143,579.1538461538462,359.85714285714283,419.5128205128205
6,Control,Suburban - Standalone,36,269000,6,18013.564285714285,18622.28205128205,1348.642857142857,1493.923076923077,741.9285714285714,821.8717948717949,587.0,650.2564102564103
36,Control,Suburban - Standalone,9,25000,28,14887.307142857144,15240.358974358975,1070.7142857142858,1174.051282051282,569.0,623.8974358974359,414.92857142857144,454.94871794871796
333,7A,Suburban - Standalone,29,80000,51,15343.285714285712,16189.48717948718,1098.9285714285713,1287.923076923077,600.2142857142857,703.3333333333334,423.5,496.43589743589746
464,Control,Metropolitan - Standalone,25,17000,65,10841.764285714287,11061.897435897436,821.4285714285714,897.2820512820513,456.35714285714283,498.64102564102564,337.85714285714283,369.0
27,Control,Metropolitan - Standalone,21,135000,63,5491.428571428571,5736.205128205128,428.14285714285717,479.61538461538464,244.78571428571428,274.0,192.57142857142858,215.64102564102564
29,Control,Suburban - Strip Mall,4,91000,3,10326.157142857142,10918.820512820514,821.8571428571429,931.7179487179487,479.07142857142856,542.9487179487179,382.14285714285717,433.2564102564103
86,Control,Suburban - Standalone,11,441000,10,15580.4,15679.51282051282,1385.9285714285713,1495.076923076923,925.9285714285714,998.8205128205128,1056.5714285714287,1139.6666666666667
186,Control,Urban - Strip Mall,6,113000,10,5405.4571428571435,5832.4358974358975,454.0,524.8461538461538,280.0,323.6923076923077,252.85714285714286,292.3076923076923
362,Control,Suburban - Standalone,8,273000,9,10218.57142857143,10899.02564102564,875.8571428571429,1000.1282051282051,552.8571428571429,631.2307692307693,535.0,610.8461538461538
32,Control,Urban - Strip Mall,36,391000,106,12518.17142857143,12651.794871794871,988.1428571428571,1070.1538461538462,570.9285714285714,618.1794871794872,439.0,475.35897435897436
70,Control,Suburban - Standalone,8,7000,1,5583.449999999999,5715.74358974359,447.5,490.8205128205128,262.2857142857143,287.79487179487177,222.0,243.4102564102564
47,Control,Urban - Standalone,17,97000,8,10971.464285714286,11145.307692307691,892.9285714285714,972.7948717948718,532.2142857142857,579.9487179487179,421.0,458.7692307692308
85,Control,Suburban - Standalone,16,5000,6,5640.835714285714,5810.7692307692305,474.7142857142857,524.025641025641,293.42857142857144,323.9230769230769,250.35714285714286,276.4102564102564
418,Control,Urban - Strip Mall,21,5000,0,8893.214285714286,9466.25641025641,780.7142857142857,890.6153846153846,510.42857142857144,582.1794871794872,632.7857142857143,722.025641025641
38,Control,Suburban - Strip Mall,4,345000,21,13928.535714285716,13907.820512820514,1208.7857142857142,1294.179487179487,777.5,832.5128205128206,748.7857142857143,801.8461538461538
89,8A,Suburban - Strip Mall,28,51000,5,12401.878571428571,12055.692307692309,857.2857142857143,913.6153846153846,449.35714285714283,478.9230769230769,335.2142857142857,357.2307692307692
120,Control,Urban - Standalone,22,89000,5,5448.578571428572,6142.589743589743,396.57142857142856,479.0,212.85714285714286,257.1794871794872,169.71428571428572,205.02564102564102
161,Control,Rural - Strip Mall,37,179000,9,7535.542857142857,7812.358974358975,620.4285714285714,688.5128205128206,373.7142857142857,414.7435897435897,355.7142857142857,394.6923076923077
274,Control,Urban - Standalone,37,6000,2,15402.735714285716,15253.615384615385,1212.9285714285713,1286.1025641025642,698.5714285714286,740.7948717948718,525.0,556.7179487179487
300,Control,Suburban - Standalone,9,12000,13,14534.964285714284,14814.76923076923,1183.2142857142858,1293.4358974358975,705.7857142857143,771.3589743589744,533.9285714285714,583.7179487179487
254,Control,Suburban - Strip Mall,28,223000,10,14276.642857142855,14827.794871794871,1185.2142857142858,1319.4358974358975,721.6428571428571,803.4358974358975,681.2142857142857,758.4615384615385
315,Control,Suburban - Strip Mall,16,289000,7,9296.357142857143,9534.923076923076,799.9285714285714,879.0512820512821,508.2142857142857,558.3589743589744,454.92857142857144,499.9230769230769
122,Control,Urban - Standalone,41,119000,9,6948.035714285715,7189.871794871795,557.5,618.1794871794872,327.2857142857143,362.84615384615387,256.92857142857144,284.79487179487177
4,Control,Suburban - Strip Mall,39,4000,8,9448.485714285716,10234.97435897436,804.8571428571429,933.7435897435897,504.5,585.3076923076923,455.14285714285717,528.2051282051282
176,Control,Suburban - Standalone,40,353000,18,14182.685714285715,14612.23076923077,1245.4285714285713,1374.8461538461538,814.2142857142857,898.7948717948718,898.3571428571429,991.7948717948718
223,7A,Metropolitan - Strip Mall,20,11000,13,13018.985714285716,12480.564102564103,1087.9285714285713,1160.6410256410256,699.2857142857143,746.025641025641,685.9285714285714,731.974358974359
401,Control,Suburban - Strip Mall,7,57000,17,7564.907142857142,7456.153846153846,571.7857142857143,603.6153846153846,317.07142857142856,334.87179487179486,222.92857142857142,235.46153846153845
154,Control,Suburban - Standalone,17,254000,57,13624.371428571429,13874.076923076924,1075.357142857143,1173.179487179487,621.0,677.5128205128206,489.0,533.3846153846154
